month,advertising_spend,discount_pct,num_salespeople,competitor_price,is_holiday,sales
1,4370.861069626262,5.553987865158589,32,149.4511019212664,1,20994.503183898178
2,9556.428757689246,16.257028421350743,11,132.2573054293481,0,36454.71467559228
3,7587.945476302646,26.18837507629225,39,181.8882672269577,1,31381.47230400683
4,6387.926357773329,21.966746592286835,32,151.33701379253898,1,24589.509716847435
5,2404.1677639819286,24.196834435843492,18,132.0444877057082,1,14980.559133163131
6,2403.9506830258238,19.763501001321522,14,174.46446804314672,0,12361.240049436186
7,1522.7525095137953,20.768296935535574,20,140.92198474002197,1,6654.6871402387205
8,8795.585311974417,25.47586954695958,20,93.67163716777685,0,33812.11612560373
9,6410.035105688879,7.490040265775578,35,81.06423772648569,1,30654.06579945158
10,7372.653200164409,14.682748909294215,46,72.84916784940182,1,35026.59619181812
11,1185.260448662222,6.636283254588067,29,184.91828188191525,1,10127.416820379796
12,9729.18866945795,29.63004023989941,17,156.52031476970987,1,36577.80496819708
1,8491.983767203796,28.321780190598396,10,190.6067657246481,0,34133.598517213606
2,2911.0519961044856,1.182804341055177,48,140.49377085724146,0,17955.509217320414
3,2636.4247048639054,21.167255175470654,13,121.01013222423688,1,10721.697514312284
4,2650.6405886809043,27.757449522469976,49,58.9574733456334,1,18966.850844260873
5,3738.1801866358396,5.417260353820006,40,150.74634223190446,1,20090.536874472116
6,5722.807884690141,17.038356916578884,47,137.33131396523467,1,28395.32762767807
7,4887.505167779042,27.464648927641257,24,198.53133403814323,1,21366.94517676088
8,3621.0622617823774,1.0183793575739652,22,85.87381666733646,1,18032.216934952325
9,6506.676052501415,20.922608017405196,47,129.61060329302538,1,28423.97500837587
10,2255.4447458683762,8.920470221176522,25,147.6436002677109,1,9494.325431106494
11,3629.3018368169633,27.73188586129591,8,146.68867621135155,0,16349.462467572243
12,4297.256589643225,29.131747354961032,37,134.1940314422604,0,20671.447161624754
1,5104.629857953323,28.32799467340302,31,166.53920154908383,0,23574.991160313017
2,8066.583652537122,14.226426499723914,11,80.74718142902246,1,27177.127859957644
3,2797.0640394252378,25.861279529679404,10,158.84408004116239,1,13808.754564720844
4,5628.109945722505,25.33648195605211,19,142.96018571496336,1,21941.283415908776
5,6331.731119758382,9.573014197297669,22,184.411266769186,0,23696.134134667325
6,1418.0537144799796,24.86746422452032,36,177.07916585503727,1,10596.394466287957
7,6467.903667112945,1.1102290414647786,15,97.27205586988299,0,23166.317693306257
8,2534.717113185624,17.88809635446159,24,91.43559874627296,1,13181.695575743555
9,1585.4643368675156,6.900265118631092,28,197.24799857786718,0,9345.323186190042
10,9539.969835279999,3.6170065733183643,19,129.08977713728848,0,38465.62165963817
11,9690.688297671035,2.3085960488762747,11,185.96314458716552,0,38583.01826368212
12,8275.576133048151,20.888663276344193,25,74.58215356707233,1,36373.31940190713
1,3741.5239225603364,10.196248913041984,46,146.42283722002614,0,15396.321698858037
2,1879.0490260574547,21.743003145862843,30,171.47902810408794,1,9642.780298337044
3,7158.097238609412,1.960690223968271,48,192.10928743796703,1,28484.079784413934
4,4961.372443656412,9.45871013491831,18,100.60102115255353,1,18537.042248347632
5,2098.3441136030096,16.184738771260115,41,158.74717548860787,1,12774.605261656148
6,5456.592191001431,23.721694945168906,25,130.82195135594287,1,24167.707121665662
7,1309.4966900369654,9.562575087962097,22,59.09433890997023,0,7004.384597110131
8,9183.883618709038,18.776741293110273,9,153.4999605963415,1,33050.16779623129
9,3329.0198344001524,26.579332447085616,7,153.51448373567652,1,13449.725928519158
10,6962.700559185838,18.475895645469137,27,189.59102072698056,1,25457.337202007977
11,3805.3996848046986,6.988784242609013,30,124.59686692534586,1,16990.444738723174
12,5680.612190600297,0.7320234466961406,41,84.53763810657719,1,26099.04485126593
1,5920.392514089517,26.102966217027898,28,56.68457351730187,0,24352.799063916813
2,2663.6900997297435,0.6380823255116141,23,112.34632800288585,0,13133.195862987746
3,9726.261649881028,26.24105018052598,29,95.28750501162527,1,41930.1755879101
4,7976.195410250031,15.86811402081636,25,164.16324590358133,0,33255.58586286202
5,9455.490474077702,28.172030955386884,16,103.140164726157,0,33634.30557936496
6,9053.44615384884,23.96349707320996,45,192.3606794472266,1,38254.23177948574
7,6381.099809299766,29.938023316000123,37,194.34653044816764,0,26640.34426592451
8,9296.868115208052,10.521354463551305,8,143.1362885326562,1,33442.46555958403
9,1796.4325184672755,23.015648667933807,46,189.29904305223243,0,13298.984885288028
10,2763.845761772307,12.057927408277266,11,164.12815167717434,0,7452.422132902777
11,1407.0456001948426,14.396268609117266,26,132.02894614626894,0,10468.090639146902
12,3927.972976869379,18.825163896551103,37,77.04619031341672,1,23415.888246758972
1,4498.095607205338,26.21031342559016,21,118.789691527076,0,18032.473046545554
2,3442.141285965063,29.522504075978855,28,134.13116950439263,0,15242.987645361505
3,8458.637582367364,23.048202415935545,38,179.59423711025153,1,36009.37039160878
4,4210.779940242303,12.533003465020013,32,122.20000648034973,1,22320.341659267207
5,3528.4105871864267,12.640710068312105,47,184.6512009016935,0,18536.40741789753
6,5884.264748424236,22.127469047666743,45,151.15234685352033,1,29692.386703601165
7,2268.3180247728637,7.1633143730490705,43,70.5498594580507,0,15546.4614955054
8,8219.772826786357,3.3142233939418397,26,199.24720539876395,0,37328.02530038588
9,1670.9557931179374,10.638664729223295,21,129.0848991130869,1,9105.535703221007
10,9881.982429404656,8.617169749622452,38,108.77874446136184,1,37190.64735132877
11,7950.202923669916,8.889243613679703,10,148.867064670429,1,27209.87945752401
12,2788.4411338075515,7.008232531497298,10,66.33399709715586,0,11477.400799753908
1,1049.6990541124217,1.2627956890908565,38,145.48079701300315,1,12340.752971120655
2,8339.152856093508,0.5362180420024143,5,124.73540007489095,0,28809.453854458552
3,7361.716094628554,29.631671692080946,14,111.00111049978747,1,27834.00522135819
4,7561.0645123688855,12.83319401207587,25,192.95300317683487,0,31344.364879770645
5,7941.433120173511,11.52979941479045,9,128.38095750980798,1,27963.002336780042
6,1666.4018656068133,20.389418480792095,6,82.86762192049076,0,5394.910306817143
7,4226.191556898453,6.5476166359519254,26,118.84452190659479,1,17228.153436438537
8,2042.8215357261674,28.49883551850676,6,187.9081106859009,0,9866.584573721822
9,8767.930832880342,23.59035043246656,14,76.4143206995892,1,36508.26072827563
10,6609.683141448021,2.6823300693677856,38,82.09355580323553,1,26716.18052518651
11,3978.0822236738427,12.52742327354785,20,51.954435163562565,0,16758.48223150214
12,1572.0251525742128,26.37354922686494,43,52.12850740936508,1,15408.813731078924
1,3798.8408954409597,28.34196066874231,26,174.4087440437769,0,17490.472427803546
2,3926.6498982407234,14.022045337496092,16,159.81839102644338,0,14984.809293528311
3,7566.455605042576,18.40234167632123,28,103.25615846779374,1,28264.08314873131
4,6738.017242196918,5.0110183827622565,44,154.74667358413592,0,32501.862399719357
5,8984.914683186938,29.735058784109295,42,109.28088894649554,1,38900.32842299486
6,5249.934326457544,6.950151041503302,14,192.93451939967412,1,18207.45804778864
7,2076.3482134447154,28.28195322405377,39,195.05790221390524,0,14943.717034790649
8,7419.203085006955,19.489399469771055,36,108.9190663714015,1,28804.318018684677
9,7847.065437552077,18.232103846365774,11,178.1332859511302,0,28363.781431292307
10,6051.494778125466,15.380655330495257,25,165.96335625461992,0,24178.480819448418
11,7938.704619591049,6.920094351532761,24,96.4999905757684,1,35542.576962794265
12,5444.160367279516,5.295840960165248,30,84.8059743351659,1,24014.537146676783
1,5704.595464437946,6.61458627210526,8,118.73519755892508,0,20707.669033591945
2,4847.869165226946,5.593147864327635,26,167.20232609216094,0,18111.516615981967
3,1228.7721406968567,23.3875342070026,19,194.0251677093118,1,6217.093530908456
4,1971.02284293974,10.503757775001903,44,164.53686032998587,1,12542.571722202803
5,1282.8626711806082,1.735280296901891,25,178.2810477527555,1,7529.166391802817
6,6727.6937013740235,29.07307890422434,19,140.4596459255775,1,26776.886311694398
7,3829.20382968694,26.51357654890277,26,175.3111746263189,0,11965.311164675248
8,5577.136220482325,27.83256849585639,32,167.66312870051263,1,21623.707089185933
9,9168.098265334836,29.847234679393058,18,106.547831288942,0,34202.991909647404
10,3243.6300623398747,5.216857476584619,31,132.79854531810815,0,16308.881071570462
11,4693.446307320668,11.887260567079762,45,170.71296829845423,1,23345.668846246816
12,7799.960246887438,22.74715427112274,44,56.908510128493454,0,33721.05752379243
1,3059.183489424602,20.880618541613767,32,171.21189235337448,1,15143.266883959894
2,1692.819188459137,4.616877190195652,30,76.68321860735351,0,10603.812362825358
3,3607.7630762239123,24.474993749718532,6,127.20254256821585,1,14887.948975893216
4,2450.9915852860395,6.73321715509982,29,171.24131593339064,0,13719.970372940987
5,9367.278871083157,6.714528444678693,7,88.07316172350423,0,32603.085752671726
6,8273.083416079753,16.109232686802407,12,86.87111589592294,1,33346.61899196918
7,6700.633808593811,17.788198045251093,48,110.41465976933779,1,31634.635108756614
8,8843.145311689459,17.402586235134336,37,184.19641963664517,0,38656.89372979834
9,8233.04869209203,2.744605121932646,46,50.06641721558118,0,38901.35713937866
10,2679.1305299743226,26.32382587891141,39,185.20746449629024,1,12652.008233344684
11,9033.0309864098,7.968001277661182,10,73.07105369624117,0,31555.51571490306
12,5854.080177240857,3.885447638484125,43,198.5129564101223,1,29292.38535648911
1,8266.961396476563,26.662442396069316,27,193.22704895577021,0,29138.263577099264
2,9064.82169931144,28.6695449468926,29,124.2012784386925,1,39333.33577794221
3,3862.0312747467747,25.86382851796352,47,126.90803717189422,0,19544.79840869938
4,1990.467320749091,24.285482241746344,23,122.23240104137814,1,12075.411045401483
5,3051.416462877475,19.65725941917065,9,145.3165468489284,1,12340.739738843877
6,4843.970097636307,16.52572111827418,15,63.608255335239654,0,16429.58122545612
7,8362.132893302438,2.609602797342304,16,54.892692251234976,1,34889.13054424756
8,8746.57524930709,12.253596392120961,14,58.65543926238483,0,38322.74890765109
9,1062.5691747807164,11.18065551036942,12,116.65480238622716,1,5273.725442848168
10,5596.725723198091,7.792613512809786,28,91.3321908829225,1,24059.64018203933
11,4756.699028339011,21.70260341065755,32,143.30593435564907,1,16657.93060855015
12,2998.970294236572,14.876272052363124,45,198.86634340621686,0,19654.710537177438
1,2078.7883060031454,2.431386477229438,40,107.94847596146988,1,16080.790797246751
2,4038.5365426326516,6.6054960584943405,41,136.07618811567698,0,16845.809783645374
3,9486.187335212673,20.497762909787877,25,112.34058438610032,1,33431.078029989585
4,3908.826388186797,2.2839257847090053,12,177.09075015827892,0,11594.02440123338
5,5669.115595690295,25.53620742146306,13,185.33546051933573,0,22608.18003593407
6,7327.1706300566,14.85439581041923,19,181.603341830789,0,29733.983773640906
7,4272.666421413645,14.417597319799441,44,196.15583580188863,1,20228.923050309473
8,9746.038744488646,17.772233539785528,22,54.127877771062295,0,38418.89130325249
9,9662.025654479,24.740428977754476,46,175.97242432182964,1,41400.10439229915
10,3266.0406624282773,10.434276237065792,24,162.765825955864,0,14181.00281515956
11,5475.236553031469,20.340484576771907,10,84.30416141005472,0,22486.151493920166
12,3707.904788350927,16.97195891987373,16,193.44801400812912,0,12644.736343354369
1,3563.5644493972086,8.01084810508264,6,72.22668923449181,0,15826.770314890138
2,1331.9825261907952,26.35889959065474,11,151.93248907008626,1,5247.886519150767
3,6486.079005819071,23.922780648207844,20,83.73353252238687,0,29076.560440030717
4,5524.1112090597535,19.753555039752765,7,114.7070973161112,0,18191.93834066087
5,1463.3087612499041,25.51745187282726,49,157.87398454168533,1,12163.402508363653
6,3507.818178129503,26.01882602879407,7,134.49869630495698,0,13087.914637199694
7,9174.392973699883,21.250889301451043,31,114.12527469921676,0,36654.6815308175
8,3156.057016002752,25.110399850910163,47,98.95076463979808,0,18828.271648628124
9,2304.0538488210077,20.924143850078508,44,175.94894835631857,0,11734.468386487806
10,5405.0748424980675,20.404223152809013,42,71.57215254722206,1,25856.12228782573
11,9870.854086995407,18.558341346455528,37,114.51543147947001,1,41016.79731166158
12,3178.4974436035036,22.581499186729236,32,185.56363576627132,0,14453.725531405746
1,7049.219926652907,4.7581531587922115,5,176.87743256899515,1,26993.030333605675
2,7854.576537958458,26.426122775967855,12,110.141264370957,1,27094.402439432295
3,3138.737895931597,26.15530583235696,41,164.46625454019625,0,16048.403104661591
4,7553.947137506736,0.8774184910367744,36,173.47412460632887,1,31181.213051129685
5,4310.048194473279,24.77450251694288,47,183.33311360054446,0,21034.48398721822
6,6690.752475342215,3.866096024203356,41,131.6758653573842,1,33355.19299966263
7,6701.767396848052,10.053565627774256,8,80.66913290820676,1,28486.35319645698
8,5821.972156672827,22.30524768874823,34,88.29636147558975,1,28650.889612053397
9,1812.6079304896748,4.822796881449246,10,94.35420110624062,0,7087.271756157572
10,8517.722460303143,24.539010723571867,23,139.07037212144235,1,35538.80901988637
11,3887.0205847456227,24.964025338732256,36,54.92144361929127,0,19092.712184638414
12,2678.666593598688,15.224032012825086,13,145.40637031699524,0,11248.515918552435
1,1366.9762739928751,0.1915761515050074,16,104.6531357642348,1,8064.229901296037
2,6318.036488694176,8.611143995247383,15,94.28627037344631,0,27972.024869349305
3,7098.079256580541,18.507807551272265,20,181.92448560921895,1,31049.98724409633
4,1149.2904603507054,29.435585340822705,5,119.00035933711983,0,5876.09684296241
5,5608.837524693528,18.954405810500052,49,64.25795682990392,0,26600.59639712133
6,3038.4619767814415,7.794107431924794,25,174.01201520393704,1,15172.826248595831
7,6806.555113685049,19.020171092988342,34,57.14618861547599,1,30760.807213574684
8,2569.2978610449227,16.199561391475665,17,159.01238362522952,1,11077.802503056599
9,7218.439642922193,23.395361854534308,38,166.08593326559978,1,33258.048111902
10,4480.618116704836,3.209419164808752,8,102.89039088932873,0,15218.258825061615
11,9430.56989863061,22.830837075060842,32,173.718178441668,0,38199.76983359656
12,2237.6884973139395,16.23799736028331,42,127.34891087846802,0,9409.346416611694
1,4069.5971594523267,28.88976011576984,35,119.49404799091953,1,18815.822682586186
2,2021.2616911653017,10.256164981160582,31,56.810492220303885,0,16032.62065474347
3,9322.242564507065,18.978656794018445,9,93.50437904733587,1,36736.89788105984
4,8896.05418042883,27.960843165300524,29,189.65149563279496,0,38023.780928981956
5,3321.4746494364003,3.0752918397203777,7,108.773594492525,1,12307.106115292918
6,6939.856414307611,28.116854617093534,37,132.00507808351523,0,29654.693336126853
7,8354.999801810944,20.636571669024402,8,129.80325184763777,0,32769.24424952733
8,5996.807304395161,2.0351117731551573,29,138.56466347340398,1,27517.901540647203
9,5766.855205204059,9.028907008404488,24,59.199643346492394,0,24972.54772439652
10,3176.670618104065,21.24516265935845,38,104.32643821980923,1,20693.79175528766
11,1837.924910253093,2.020518044063151,30,158.46924108238312,0,8915.243791070749
12,9074.941821579941,17.465113805288198,9,80.08403766094744,0,32694.307926380658
1,9103.762514469974,10.376491708588702,39,80.53675663195406,1,35096.125949554546
2,6697.9131154594115,18.627465533024314,32,51.51359100335371,1,26851.150512067867
3,4051.2681194383063,1.3722610143753855,33,115.62228899123146,0,21461.30825962643
4,4142.886171513948,26.14610418457129,13,182.4101571010133,0,14136.455591470612
5,7533.601109832154,29.204669075321906,42,57.785141538096354,0,33910.096157311054
6,9073.992339573193,29.066335658570743,10,78.6678064244004,0,36297.94704320992
7,8983.777818386056,22.48955495228774,23,96.51268075141326,0,34346.273213443026
8,8018.879912718615,3.902587203918959,48,159.75871048463193,0,36328.35805382482
9,6778.28481538859,22.74789587787068,15,146.09533892038797,1,27940.42484808752
10,1757.2596849554395,0.7376074937640453,6,112.39158568727825,1,5611.687657117431
11,2454.658426851524,0.6637065458699176,48,163.86034088875635,1,15435.474820238951
12,9086.987696743712,9.708306574486237,48,141.4446517485353,0,36949.35675439833
1,6457.86153693631,14.659295712139972,13,184.40611994858287,0,23224.867944996768
2,1082.7734645496669,23.112222534233798,25,172.70401237080395,0,8577.924040474347
3,1913.2438857942889,20.498861298195155,28,87.92204091338009,1,10376.177810148074
4,6971.515921972502,13.37708119130245,38,90.71578664513004,1,30835.668182601246
5,1045.5542546159681,8.208799988449977,26,68.80347136885784,0,5638.331979102273
6,2447.272462757488,29.913735004731336,7,100.54470885761847,0,11718.66147647994
7,5938.604104299275,12.785439067079189,16,199.93158780786413,1,22639.356633739542
8,7227.056779234239,13.541610729890264,32,110.86267529225915,1,33892.670928311294
9,6867.651335523405,4.9087146357500755,34,83.07326520336596,1,30252.780406307218
10,3018.423785145038,23.84428646249788,30,164.37243267133294,0,11862.667281153184
11,7409.6129921278225,20.81046677344466,25,131.3706505193984,0,29096.956017588745
12,3135.2417874712005,6.623088383662812,32,72.44021742904289,0,13834.230289971008
1,3928.5972834334093,2.471431368475281,30,107.10345217412987,1,20411.601988968407
2,7718.422646062218,20.414979062241393,37,112.1704573309015,1,32653.027971991945
3,6846.696091424932,19.63533642843406,25,163.0744550853828,0,27739.46396375983
4,8643.010694447601,8.19778580994628,39,53.10070533378567,0,35565.1237309401
5,6918.51603070309,28.52590686751231,38,90.35294701974658,1,29307.720994834555
6,6114.777430019245,4.5317367534270065,45,127.6394451973283,0,26294.743637774245
7,1843.0729104528323,12.970044031278057,22,90.3270113679265,1,12237.982651182592
8,4309.442227534902,28.308477605027967,15,144.26510711284982,1,17359.909272890076
9,3386.821309135529,12.591819507783669,27,122.2801218911925,0,15216.95609969393
10,3195.9067904117524,19.155778429922567,26,104.2565382289371,1,15345.489055386019
11,9757.09499277201,11.927831938883829,21,192.38129403057684,0,35722.59901387637
12,4537.879522000843,8.2264560704601,9,144.8239248779686,1,17383.286539846777
1,9028.41899659402,29.51932943879485,48,69.49120584019118,1,39746.61151408967
2,6680.247633975366,12.28002018945129,15,134.01375461650932,0,23481.95793046995
3,8153.301731874836,26.822976110374032,34,167.10977798013516,1,32203.618108245693
4,5523.733837946729,6.898638176732586,19,156.2734546239196,0,24910.980219964447
5,6192.134961637232,6.3931411207524995,31,75.8133843942889,0,25779.563016730426
6,5432.6592443697755,0.9340224865353408,39,195.8629998560155,1,24552.84778807545
7,2757.1868901824005,19.55000476127655,37,117.3220468619909,0,12328.105692139343
8,7502.069037353548,11.055790311712833,24,73.85375056103919,0,31652.84672304904
9,3526.951261967702,25.930747495189113,20,77.02936311922218,0,13021.289432163434
10,1218.8436978830846,14.196297200746715,38,64.73524882836207,0,9989.60355458204
11,6809.25066316451,29.045802837441652,6,170.52771626524014,0,20808.77183503067
12,2593.9961146634405,5.565765471093634,39,68.3045741482773,0,16783.255257257708
1,9464.127259176228,26.058695038668322,44,68.76878857126204,1,42685.062022152444
2,9585.357193023287,23.297905583752254,32,177.57074221412563,0,38907.905899327176
3,9233.779511984038,23.12765533932156,43,101.69061266713395,1,36282.488390679275
4,4331.428302298999,25.343496843506628,10,54.62868564621087,1,18994.081694879304
5,1139.1095487598068,22.830719728289967,13,57.78429492776163,0,4181.110289493416
6,9354.867063289528,18.786609648942463,24,71.32556700558433,1,34746.04485357732
7,4853.657334855829,3.937346330471627,5,82.00900219635344,1,17987.109148379775
8,9699.893371393026,0.9757853847375575,12,149.7719291357608,0,35048.945922648454
9,9672.579793803276,27.625435434470607,27,73.59894200027423,0,36657.42591226079
10,8677.08509920624,18.49950943562214,7,67.83115867656079,0,33927.578257627385
11,3650.040028626271,23.89611872928529,8,164.70787122144188,1,18409.100040437894
12,4465.879557417327,14.445670545376503,29,150.65829257898716,1,17876.746233906717
1,8660.230043651713,3.519245668871834,42,115.29863321828543,0,35374.50886770866
2,3852.298046406499,3.7555737660765134,19,132.3964657220156,0,16712.43719488609
3,2525.4347201748324,20.56695861686914,25,96.79760304896277,1,12458.25535877767
4,6011.211362125151,12.90917684698388,39,122.3750630353041,1,28423.916071467127
5,9425.39296744703,6.015741801010101,18,126.00089734741186,1,38385.52901856746
6,7264.268170074757,14.747836402243106,40,108.08559067671439,1,33658.49977506509
7,6130.550530804285,1.9262681122540226,16,185.9858316008244,0,25072.90405226752
8,1874.588443936917,17.459142057431965,21,52.40927974715092,1,13849.04455510214
9,6535.065040292528,8.06980213305293,43,167.32568946368693,1,26865.122808871354
10,9910.48465093837,23.926773019115643,13,68.65742468619865,1,40246.73484009572
11,2260.7561371287165,9.310858767707213,39,169.63210408057992,1,13626.365776215427
12,5664.96687127363,13.656604472454037,17,142.3867873515082,0,23818.53543298111
1,8896.357647351599,0.34861619724301907,19,176.49171364046038,0,31979.717701125697
2,7666.91755978784,2.173406633836766,22,64.62714884613462,1,29412.182670678812
3,7273.141668957412,11.774806692200544,37,133.84709511496612,1,33060.11655268357
4,7322.356755883983,14.398165041513705,10,125.16318203932956,0,23169.917344165653
5,4235.420360977796,18.000616443579112,31,155.9289774445038,0,21203.020647516074
6,3642.3265983804404,8.749877361279097,27,130.14358278405138,1,20117.71359482901
7,8284.250399306624,20.849456583796275,31,131.1101850699656,1,34555.68151088027
8,8291.020552112626,25.803671915676137,38,114.4393915364097,0,34699.92208639676
9,8803.650867220933,23.395529666800496,42,96.32516360110112,0,35236.7822431176
10,9219.16497300824,1.1885647604507144,18,122.33965418782883,0,36486.35577965759
11,5602.08158974844,14.415208417734869,40,67.77385381526008,0,26344.877254041545
12,5513.646652184796,3.147905352545246,12,194.2270008474627,0,19206.226881429575
1,8184.656610700977,7.261350475875824,39,157.16161454398974,0,33675.20719139954
2,6849.675376999887,29.599877798014393,23,192.870067503177,1,27331.020245389765
3,7317.70189531933,4.274866287045397,34,84.00910734949449,0,30130.832146464636
4,8162.13402492491,14.966644603540683,18,181.9011530264792,0,28287.56048590022
5,9010.048076358096,18.544672029543573,24,171.31849768453077,0,36234.019199618924
6,4041.956411663822,21.073949116323117,29,151.57286186865105,0,17709.4153920215
7,4380.246573759496,16.789460504607423,44,143.75437791278085,1,22566.41740507075
8,1845.8374585678212,0.2931254225755098,28,97.4824497901805,1,10554.32929726556
9,6204.5212689655655,9.793839247319756,18,172.46161774475462,0,25239.336560015177
10,1323.4804641706787,15.531349301541344,30,125.22731922196007,1,10205.878709274453
11,5190.382163192141,2.6359949743450004,42,60.633736383692806,1,27987.6021089872
12,5883.801712368189,10.518807936275422,27,96.9294741282695,1,26451.80357512045
1,3578.8712691545597,0.9960932637409969,26,190.29456478179915,1,16825.02236113742
2,6317.499345121097,2.3573549146506223,23,177.60203909072692,1,24890.66187689889
3,1274.5022494514449,11.907698286047882,7,197.28585471148088,1,7811.294638413688
4,1336.1336987429297,3.9814726212918106,46,144.19900739061472,0,11071.188777124966
5,8403.405045936925,17.026225447846745,23,87.12651097106179,0,32460.1417412022
6,4241.7157727013655,20.683949074117972,13,74.42225745152956,0,16352.327366758247
7,2143.544613866963,24.017600973272486,32,78.03716609126924,0,11323.74579252649
8,5700.189340493239,6.004507327344303,24,52.96934875208816,0,23489.07118483949
9,7929.941977887497,5.024477467772092,49,108.60231664789089,1,39885.21670709623
10,2942.3892474715885,3.137035210032008,11,78.71415207493138,0,10093.192173507206
11,6606.014282371002,19.0929074863091,18,111.74831906850537,0,24030.81261937784
12,1768.127184943912,21.194271794607033,13,190.24916477581482,1,11307.585635780513
1,1465.1354905174694,0.9475843447692611,23,114.5810314260785,1,8822.961182360417
2,5782.191684113332,28.086367387310695,18,181.69767454772523,0,21520.45679213134
3,5865.716094490958,1.5591385095441723,42,140.82571499238148,1,29816.486986593387
4,6736.869113483859,16.238890059032116,40,87.06973319920878,1,27496.198528451336
5,7534.822003503954,21.27181558352749,44,103.3782138888817,1,35230.904024377895
6,9782.668715162812,26.129073712382567,21,62.58793037321441,1,38101.52206153225
7,5646.703134710758,21.422607963972833,34,100.01938903940157,0,25614.564601273647
8,3906.6082564712137,24.051842492093755,13,151.6311418255301,1,16955.0761037478
9,8156.675752918333,10.183505776284182,37,60.81666393941528,0,32986.68818687467
10,3437.490261358668,24.444753412395368,29,80.8102112717044,0,18292.66287862798
11,4950.7427863507255,2.403445391540254,18,107.21615621199672,1,19911.2150309106
12,1706.1074320803937,26.84449968181583,15,197.30743055239438,1,9308.915480261558
1,1228.1566907391175,16.42777128461209,39,167.72927344383203,1,13176.118779343362
2,9663.835732101326,24.51893309887481,45,160.02301197381558,0,42940.79227013554
3,8523.821084609852,13.569548535549004,18,67.4286434788169,1,32859.15854484507
4,7263.767854843281,19.30733085589575,34,167.1493840422487,1,31945.43796320997
5,4680.57649972843,15.792079828083397,45,167.79032172740227,1,22977.72276776209
6,2559.648880637612,21.947685652659956,8,140.16540434364924,1,15676.996312856867
7,2407.9333840397744,2.448899460917687,8,198.5542672997558,1,11942.655198419103
8,3252.186083481358,1.810562519716914,32,98.78808588868279,0,16567.58669874258
9,5943.039982355084,7.413097020304393,12,191.19086723627774,1,23899.525176661497
10,7431.363304300561,4.78634040339565,6,187.20966724347554,1,28460.231419767497
11,6941.776390459581,26.15350699776605,45,51.722098962406676,1,32567.32906081416
12,3519.4050725134857,6.57641962074133,26,117.51747897122165,0,15812.599228661205
1,9593.787525968746,29.275957674573938,45,196.565634957736,1,39762.66850153445
2,7641.072250261916,10.106873753133206,20,65.46820436121136,0,29574.238166498028
3,5989.186472602606,5.463537470660978,33,132.16770415749792,0,23693.079234207744
4,6505.486716109171,23.690955214274375,34,196.84362605616562,1,29639.824150905115
5,4776.400561850109,19.761233265026284,16,133.32431361587902,1,18085.45643183721
6,3229.5789055104174,14.945871493594169,39,78.47229544582339,1,15838.527842830586
7,4203.754107861354,16.660906528128937,15,137.32748451388846,0,16757.893602539138
8,7820.614994179322,21.576053348167914,25,80.66608609243202,0,30728.72093805341
9,1129.5413976678028,6.853642239938962,25,127.95563943417264,0,8245.701900031076
10,2044.6537645622461,29.89001748170226,9,61.1063326868522,0,7119.311255823866
11,1414.0237781957749,29.243794864403494,24,140.8224003821607,0,7327.066208979794
12,1366.5592208707312,19.509770590408106,41,127.51849086922373,0,12108.204644243318
1,8699.145256099066,5.986273527874354,7,161.02420531421947,1,33537.15681349408
2,7332.920734420213,20.40684727293874,48,144.60507067381775,1,34574.62304068077
3,5267.564461785927,2.1659522693752753,37,132.4409402796135,0,24179.989444867166
4,1880.5074458590134,0.9195750661741819,13,153.4668273872182,1,9767.562737379569
5,5424.5428760514915,7.73048665533641,13,71.59128703583463,1,22363.189890904912
6,5261.245937025091,13.878688702179488,8,139.30394918879063,0,18176.4436529543
7,2558.8168291901366,26.048175162251415,39,75.81659042341666,0,17543.44712315411
8,4904.664843141758,21.81507209298924,21,188.82833117778213,1,23371.130746167313
9,4586.542609576361,22.28119563599943,38,60.25011572684063,0,23245.14111348211
10,6542.650882469949,12.76480003344226,28,114.55621245361898,0,26205.868384038735
11,6715.842857808794,10.378049776408888,36,154.36962164831672,1,30690.253188582115
12,1407.7360879484006,11.13116288953808,5,118.70333175023882,0,7614.434596192588
1,4371.513531638241,29.629486912081735,12,63.814287984935355,1,15201.778099087584
2,6632.739241428128,1.2032757423744744,49,133.00685241900612,1,34897.028222500434
3,5528.226327220789,26.010944883673456,27,146.2447863241032,1,20334.186059477444
4,8708.4085706949,17.3602622571718,44,155.56884664857614,1,39052.51427508543
5,6928.242684570505,13.158462575687714,16,105.98897216941384,1,30327.272326564416
6,2466.409843732867,21.757729812454095,16,134.54899565431433,0,10534.780439626105
7,1635.1187266038687,14.600068242741086,19,117.60297124083696,0,8185.977950510479
8,6781.773503856841,26.202697142449818,45,150.808405812838,0,31420.453891411697
9,1238.6017948745964,27.021055920337755,23,137.53354509872278,0,11104.615084775269
10,6271.98023146117,12.651627806203663,30,128.86343293387023,1,26614.604395772614
11,9462.072172824619,8.304833917051548,33,87.4286550257373,1,37420.6739052489
12,6179.26760088291,17.770509857800867,26,50.30277766223509,0,24698.7185505626
1,4493.529335858697,27.370900368500727,44,76.11225129671439,1,19784.6260553212
2,6789.593965981178,6.319865670169998,25,67.5599062136253,0,29513.797599426973
3,5124.27601442365,18.688997506904485,42,117.36271175164201,0,23039.61321553786
4,5910.551103843414,18.946806602775617,24,141.8387226142767,0,23636.71761672964
5,9473.183278988727,21.99339067245843,33,81.96275130272123,1,40580.60904759258
6,4474.923740206968,3.947030553817794,8,190.85856439507808,1,16852.32541984064
7,9650.715074415228,21.474748940462657,11,51.00231938358316,1,37688.682773961875
8,9148.155777604574,27.27097561996923,32,165.84515227480142,1,35082.335820897046
9,2762.120213103668,5.390493266107259,32,143.78071542956633,0,16417.597948614773
10,1624.251707876489,7.126299747716329,8,106.03322015715229,1,8461.081974751445
11,1907.0020123968397,29.141852821249188,26,57.573341661861186,1,10970.578571169966
12,1163.9964308639476,5.429308581284693,16,144.12298576764192,1,7566.880847866609
1,1849.9866468033556,25.631552801087373,49,107.84202692984721,0,10969.194551159908
2,7147.0609607472115,14.768335693441044,7,190.44007091198287,0,26009.2479593604
3,1640.6978361420609,7.416932232095311,26,131.2985112334649,1,10182.517933058436
4,3870.7806726438516,26.122497038175343,48,190.94772669402624,1,18529.047875879784
5,8603.87779872509,13.359157650079965,6,83.07255402099563,1,30496.55690367064
6,1209.4474216224328,15.444520617890706,28,158.85888655461548,1,8768.537831029125
7,8330.21634330042,10.777001081992971,38,142.58735312730886,0,33569.16442719766
8,3536.6929729605995,17.78852554304782,31,160.91123447469676,1,12746.148998213564
9,2063.4834485949063,4.9057161775506835,45,82.20017959588051,1,17121.35237675919
10,7270.634488277356,11.73244609955282,5,149.74917743566607,1,26604.01909321119
11,6660.4856210189555,29.082369670058625,12,124.70605895853035,0,20170.386714295753
12,8897.248121743476,7.744002981033827,27,161.42374623594745,0,39401.85488025041
1,7615.639394234972,19.702099936238767,42,99.05669662277268,1,36095.83880216707
2,8231.328373463637,9.755701926740846,10,183.5085538197879,1,30257.799781901776
3,3538.3111531417585,23.20419377059802,26,62.64519719170256,1,15278.397184871534
4,2596.9558940175057,3.926209821550495,29,171.0783978186782,1,15039.50785960461
5,7755.532764767725,29.09463135235634,22,179.1979438722636,1,31119.130819727532
6,8261.512653405376,13.613686241509178,21,172.5878467050232,0,32945.73079492682
7,9914.546278006059,7.081513900393919,16,126.9089591392664,0,35462.768750655065
8,4713.559092202839,2.20490241990038,10,115.7577470046142,0,20359.508448743658
9,4348.162772135049,5.092737152626222,30,199.43934297873153,1,19471.192355622217
10,7987.716646677972,15.59321845668053,31,84.37579268212431,0,33945.735909845105
11,4067.2318622771604,10.110095292938588,12,132.0313948814067,0,14409.152603993725
12,9376.815930432083,24.866500976478285,23,150.60132880734884,0,41191.31038647133
1,8725.714766587105,12.926625709854179,46,155.1301453792148,1,39484.69050334027
2,4860.946246375165,7.461428177628897,5,80.6036998607868,1,24481.038602255827
3,7757.839610123477,18.5143495981209,33,148.09911385097018,0,33517.10781149442
4,7790.885866762141,21.203316506563375,49,172.7554349722006,1,33939.21690236836
5,1928.1148195233936,5.011257237028496,39,57.50278652316683,0,14513.181344461782
6,9122.9761601161,5.02857648864953,44,186.72819399879748,0,40264.1801820228
7,5547.271352030714,1.1001428080062892,18,54.42560827178089,0,23204.03114426345
8,8438.117194969675,22.092060451969214,39,103.39565487325916,0,36443.864780235446
9,3880.4464092755056,19.914135828654153,49,52.37197943494431,1,23225.804026119178
10,9059.709056465805,14.238926272494417,24,61.57177528093728,1,34182.9117124466
11,4502.815108607469,25.325113469075912,17,186.67524277701187,1,16506.94569434219
12,1097.5388633226853,24.170104588501594,42,103.22912461192217,1,9111.477121100694
1,9148.437787773373,17.560630931902566,12,113.71572956375793,0,33939.11510340038
2,1821.580091075202,26.04813841539776,47,82.3016572073829,1,13552.471064489955
3,3873.8227383137337,6.175236301103047,24,139.56436552800795,0,15234.822812410092
4,9550.557703457243,3.3575885819318363,37,139.22048220166846,1,41412.377405996835
5,9555.464322438005,8.092488345509688,30,105.8300587737829,1,39383.78985496133
6,6160.940993109575,1.7126056826794456,43,99.95523077080975,1,29367.011268044607
7,6686.534909528194,15.935085840030961,25,182.74464622708817,0,26361.330240632466
8,5036.009697804878,28.098170768848846,46,107.49263594633021,0,23438.882732343125
9,3638.896945282581,1.1803062200552894,47,124.02514882316123,0,18269.807988412074
10,3957.9809083292434,3.663297420300804,45,92.4957143637396,0,22665.908529911663
11,7052.666104693346,13.565970848503058,13,168.0154255035691,1,25835.987622391352
12,7771.37076493912,28.016250525837147,28,109.61722353486374,0,31484.21054131865
1,8124.211393532637,9.484683149302516,41,127.04165698164869,0,37901.46286446812
2,8106.563285150985,15.217044260651774,45,88.00357550894921,1,35234.106184664335
3,1820.8549274382133,1.247185771511763,21,198.14893885118778,1,12224.08046491393
4,5449.782742323233,4.450296028862666,28,93.72436113855844,0,24588.340806779015
5,1518.0288401497985,29.598903688765407,25,165.61137963583275,1,9980.029544181512
6,5945.75994091362,28.953560893081367,43,114.12434755351387,0,27756.474590261765
7,4973.774512360393,0.14819942803228847,45,80.93261076262098,1,25063.102139252314
8,8989.337644824698,28.55435356269717,43,169.95781459472917,0,37486.252086732566
9,4158.235112968709,19.17359813446501,17,100.04101835435648,0,15874.020490363839
10,2053.603147848453,26.037548835600663,15,179.77900210967167,0,9050.32677775157
11,2286.9251384755225,13.642195669015774,23,187.28857773767345,0,10042.720635372836
12,7853.5956854572505,15.467880857377507,15,178.97357530869138,0,31492.10352983429
1,6563.96256984635,14.665397407707605,17,55.25118722102085,1,22993.43822089863
2,1910.104085105112,20.00592772638313,49,168.10600175076584,0,14677.08732121428
3,1756.961255034977,4.1895376426893876,5,111.70091997487158,0,7709.494742676012
4,7308.72218313208,0.8992076961803386,44,181.05843802733375,0,32701.929320322404
5,1654.8670572777419,9.237898247735728,48,145.6931394027108,0,14992.041784741577
6,8396.740533613207,21.1404228820994,23,175.04647012159376,0,31905.92005461436
7,7356.180044408466,6.055603563688451,16,124.91476548002531,1,29524.098859599897
8,1732.139025777098,20.20297299974752,12,130.2538256898399,1,4999.708789627387
9,1763.5394267667273,29.097361383218114,12,71.65814482005008,0,6880.661639698611
10,9879.75620651058,2.8170214736825514,49,167.59810380340332,1,44465.28389615532
11,4368.437161805083,20.178063546753787,16,112.90844175004574,0,14825.374219934638
12,4335.779323602019,13.312506579137134,37,125.01201774073739,1,21765.934190773973
1,8315.196105317522,26.044267631325162,49,167.76465711435614,1,35457.855229431334
2,9525.23719645473,5.314493683421578,30,139.82681001191585,0,37660.49934534986
3,9874.009574405838,20.778778566784936,43,80.16480911640011,1,40457.69093877054
4,7780.4036673304745,25.143458689443307,32,138.5348988726339,1,29987.81520609935
5,4386.336269778241,28.3384265842207,9,111.14492869694837,0,17129.55272071666
6,1751.5064502880189,20.497440848689376,12,120.4288313065794,0,7620.058156718337
7,7994.322243346931,14.915242920252819,29,54.24669116040017,1,34421.4645047826
8,6025.638247622245,18.535417206036414,31,81.50440242744224,1,28054.140332486248
9,4817.998083222787,26.067149534361548,27,92.15571220715424,1,23911.778494252667
10,9157.189465852623,17.11829239916489,34,156.94400117882088,0,37182.41077043916
11,2000.777340755362,0.9116117909051058,49,51.723870994717295,1,18042.420828545288
12,5433.625938617733,27.928460865209335,27,111.3165891843698,1,21579.281080115044
1,1102.1828029067717,20.685802530946834,24,188.60403056385994,1,9690.333341601377
2,5217.945777947137,20.295401573317395,22,66.78209248236857,0,22408.727792798418
3,1506.7294811365362,6.470254571931515,22,127.46365823279166,0,9091.67425198684
4,2069.3612464126472,19.766564106979715,6,167.97835735862705,0,8716.95165523434
5,2057.736220993944,11.815932169624755,8,191.3796961280175,0,6265.831133095342
6,6842.892719044572,19.536989311244763,34,162.01649593005772,1,27160.84987075592
7,7714.40391338881,3.1977909092397216,37,158.08483229666092,0,36010.90217008838
8,6250.318885874437,19.73535913809108,40,173.97321352936436,1,28009.03152758076
9,9659.552936270877,29.982411773119996,22,116.93018314663155,1,37150.47474000569
10,4373.835215713337,1.4463611658166808,41,170.87667989267496,1,20097.685383466072
11,3571.4087765367467,29.31522552663952,23,51.19466071181767,1,13572.082944572605
12,8817.392153705143,12.207238821686119,32,188.68415830652074,0,35268.37960814341
1,3012.3625466750736,26.122603510117774,44,116.4959764275763,0,16146.401059074007
2,9669.002854965502,23.471564521748203,24,133.00702817986215,0,37143.02984497954
3,1109.3902722083471,17.010487829600034,37,88.23233733723234,0,9546.383233558483
4,9728.90944036875,22.153476277539795,16,161.37962492606323,0,41083.586615946064
5,1388.439207555185,26.355466839040435,19,61.49537097128732,1,7651.529500756211
6,9020.28802328264,12.12420964953099,45,180.89537038202528,0,41286.16567843045
7,5749.309981776699,9.810994846897161,43,174.2175243509514,0,29724.869658493015
8,9936.683165073702,20.02780156690754,6,82.40901743671496,0,37079.06107337199
9,1664.1690826185898,24.23537825823776,33,171.39865974278933,0,9891.134909545111
10,5984.688559611887,22.868554043298474,45,167.95365995922222,1,25396.210055612122
11,9723.722820571891,23.934409465759035,14,144.83248966309236,1,37548.148213196524
12,5707.880597531339,13.06749944438799,6,106.02802653495313,1,23688.78619553643
1,6664.587743217363,24.535026485250647,15,90.72481312728019,1,29653.919467303524
2,7261.738200861554,3.606271661118253,17,84.76753854340251,1,27082.123514941006
3,5090.86958290996,16.334672938825488,14,97.79134441454107,0,19359.81894200146
4,6648.022720756571,0.17275981494364712,18,185.53376651487955,1,24913.060729216235
5,6258.828807307902,9.737574897008109,22,61.64611639831719,1,24890.078051767854
6,9110.4220944189,10.993846046141936,13,174.3306914379438,1,35809.54874941971
7,1409.0174230731209,11.885180748277662,43,102.33351125627354,0,10029.414048918214
8,3528.668706330073,20.864016200695865,32,128.23990940170373,0,15263.918020003062
9,9553.703356689028,11.656743038110372,7,169.1728450472736,1,36725.886502475754
10,9012.374055018247,13.46080867867592,24,182.6564820534457,0,35818.92939394382
11,5100.9107750714165,7.126323926229824,10,101.71721301089704,0,20156.39059756847
12,6581.193380213831,11.197553748880203,31,119.27652219126655,1,27156.259733894505
1,3496.4306468301943,6.8180888178945445,6,112.17740972251883,0,15806.748519670897
2,2693.0904375138516,2.195877713053309,33,51.987655025586584,0,14730.91023411303
3,5173.285644459839,18.103457801441337,42,94.39143332879848,0,29068.832293768155
4,4180.170052234475,20.046383956650487,7,118.87838505988427,1,16604.803879978033
5,6252.905006657848,18.584710380288435,20,111.66404133206596,1,20867.617528672214
6,1699.6117326848635,13.90482131401717,34,158.28938412735192,1,6919.07010824456
7,9769.553268995498,11.393573405376895,44,107.72054258316548,0,42044.16350060973
8,9875.896700316425,25.900009487154758,6,123.40646734560053,1,38540.110397662
9,7283.455426177707,15.572453554086541,21,114.4412888198545,0,26976.88543864291
10,5824.867297097084,14.375456328891929,45,161.0939223341556,0,31148.74915298087
11,3785.7485465769496,0.7692619741930706,16,179.4458598480444,0,19012.117897903558
12,8324.155177362538,10.237434828784691,39,129.78336185112713,1,36176.42954644766
1,7162.580552984913,11.405868563575712,47,168.41482912927867,1,33848.78537606475
2,2463.5524541040218,11.964683426907015,5,94.51800230297758,1,11985.905349845525
3,9198.344660444582,17.40517107681997,49,131.2054415235903,1,43948.07908085169
4,8402.83518630852,16.008076401806353,19,101.78449305049587,0,33549.57232490862
5,9548.199219627317,18.23715278380334,30,112.13013883577455,1,38949.492170472404
6,7531.475575495239,22.94649784626385,41,159.86207972190027,0,33496.18175317661
7,6520.736763422109,24.389572161482803,25,182.2493723499069,1,28003.88436077141
8,4764.18732661557,21.543692286794833,35,68.2243086631648,1,24472.041400310678
9,9394.55635018612,28.665710878648042,29,145.19588847310706,1,34454.59670073662
10,8794.575005503675,0.5469774802908489,27,137.32157113666977,0,35608.47594171028
11,1406.9680309557048,5.873339570506383,28,67.76225587638979,0,10258.396692403338
12,1237.302770475268,0.2268862493442636,42,81.78414956601637,0,10775.867263657168
1,4388.170301902446,19.42424142463809,32,96.65037420990204,0,21596.81818107616
2,8294.979977036495,26.94091646849961,25,75.03966062262522,0,36398.347679839266
3,9885.4851638345,7.304468897288978,47,86.55942237865128,1,42863.14440173723
4,2353.7520199317537,27.8110363438892,22,90.14011982925612,0,12640.003204725594
5,6347.176438169216,1.8080217086868255,40,100.35107495585893,0,31640.60893293198
6,4428.017709679194,28.03308080416543,39,162.40856792017385,0,21204.50795987714
7,9729.229580331428,10.548680617189031,49,135.7868305775901,0,39574.93643765462
8,8579.070308221379,3.0426248534764957,13,197.93700079271022,1,33952.60877789937
9,8544.958342400241,14.576152775589769,42,112.21037404512066,0,31731.97293418009
10,5218.238438154733,7.7032970316152385,34,163.07976107553876,1,19505.335114295056
11,4733.375521038986,8.546187058857685,48,180.72026320648007,1,25110.114018675613
12,3460.663647376356,9.218698947788598,38,151.84677395570628,1,13858.391085808476
1,1507.379469858344,24.090776934979903,36,111.7797110626244,0,7784.227843291665
2,8782.50138629548,16.174838300257633,7,163.03919461186294,1,31597.462972478726
3,8316.109082170698,9.33923097468011,7,80.55007066590272,0,28825.38929194731
4,9997.459059575176,18.31001349932755,32,99.13282477701986,0,39381.46136948978
5,9969.731533665148,21.484520226695807,48,132.0027882648933,0,44060.10327416886
6,5998.885350423647,8.178720022006013,19,136.31140809292225,0,24318.707428538197
7,7920.886736624595,12.406473045760546,45,53.321221320894416,0,32913.030260409716
8,9502.891568941852,3.656582800108427,27,191.76712831340132,1,40766.45316007936
9,8646.826516096702,5.4344804860404095,44,154.4940906826085,1,34811.25349682275
10,3226.132915688779,20.433535618949485,15,124.35556253478366,0,13765.672603738976
11,5054.897217790842,5.443150430868808,36,189.96908516124626,1,20728.18259072404
12,2162.434736363455,15.754901510011805,40,115.86433478762427,0,13968.398521563875
1,9586.459245328502,21.27138785167298,37,197.06533554055576,1,38847.261454979714
2,6455.57171005792,3.206307692842315,28,126.84271358652276,1,29877.743870432303
3,3057.7852495311645,17.019366588867108,43,67.14286549969691,1,19385.38282022095
4,7045.30615965271,7.696883511040912,38,164.7201458688916,1,29918.554859908116
5,6563.154164121062,28.887806257127394,32,151.83465876167608,1,26555.8175207445
6,4223.464462295564,14.506369401597741,41,165.948008195838,0,20096.934743448706
7,2022.0183297966612,24.179776493254742,11,192.71630430885216,0,12012.820783719768
8,7044.158760335196,16.506796264687853,8,166.47339539765272,1,29646.37320960146
9,5682.7693081341395,1.302375985644575,41,141.70049033249703,0,24222.857462188054
10,7950.865525620754,18.994541267820672,5,178.59633535412613,1,30652.098351933604
11,5681.47151000794,28.54210026619971,5,150.98696590317974,0,16723.978007151316
12,8669.633502866862,18.048354604389935,24,111.21785852388847,1,33710.02059952177
1,5967.16154897037,24.575665782803707,23,182.84296463626598,1,22831.315988424638
2,6048.441743818476,26.526193900452235,33,83.28506911765592,1,28819.368467706365
3,8889.882423925104,6.842393158467974,14,157.19619123630864,0,30603.315102900913
4,4631.345795911573,6.361345197246799,22,182.23451824111353,0,20285.597556987726
5,2206.1370560557666,18.32942966552975,32,159.69747795549443,1,13057.06765112778
6,1259.0440868200508,12.330854094201142,39,154.59131285807854,1,10572.661280381937
7,7796.235301062571,25.19583908600161,47,162.8957441107754,0,37268.833313210824
8,6582.785962181182,27.000693701940335,35,119.75828724509665,0,31469.735660151215
9,7336.717912893012,10.602641379081543,31,181.1256023235539,0,29874.86022482908
10,2916.677453580197,7.106116769234462,15,80.51547127041368,0,11923.127472769978
11,2227.343280280928,23.415765457315853,42,69.1079624000509,0,10940.86962823047
12,1130.9019910109373,8.244181066444083,9,92.82631701777673,1,6202.689580186537
1,4155.288029259373,24.67842955541035,12,129.73660951624896,0,19932.204499000956
2,6309.259181691697,12.712147609462885,38,126.58426931140072,1,28254.232831397334
3,4530.196405897591,20.026496978744113,16,173.089813651488,1,20179.951513225526
4,4937.274298213561,2.8660594150400454,42,110.68529846060261,0,20951.43096145663
5,9137.428250443736,18.71577974029719,5,122.65166394372629,0,31680.50426242061
6,4134.299203209703,13.553030362116873,35,52.005152488909346,1,21543.904334374653
7,5625.905402438297,17.59825389526422,8,111.46088546644086,0,20971.776413058764
8,8052.8771146702875,5.040426232345903,49,147.1661349425513,1,38015.68070816384
9,4568.885040891431,22.106212348325464,9,52.32624959398883,0,16062.814003051204
10,6598.780302050862,25.883912326296855,34,92.13229477793656,0,24447.74497605991
11,8761.273378720707,6.50219400272327,28,81.19345389340849,0,37275.60977137903
12,9545.685612918778,2.871436665604852,7,56.297814336438236,1,33689.42779752071
1,2323.6613283613415,0.7091575813900919,15,121.88901348718062,0,11577.11701892291
2,9339.28862645345,19.25914501329798,49,77.25849398422348,1,41660.89479033739
3,5429.046637715844,18.212821082663424,8,161.46223094470702,0,16606.24484292643
4,3324.199494690625,16.4009223814221,30,177.1891825645023,1,18761.957661857545
5,5132.221806144352,6.958412883479262,31,131.83777740037218,0,21510.87923127678
6,9820.293177569294,11.72717987716544,47,197.25610137817122,1,42103.45151447772
7,5433.562845935827,17.834290055585193,31,117.5717857205893,1,23600.489567431105
8,3958.764492587574,14.903005765775081,46,127.00523153373733,1,24685.285534372477
9,6700.607688850532,29.63356560644662,10,198.38266309366253,1,27850.479357481898
10,3161.310569003738,4.093192576701994,19,84.73226539475732,1,11296.223308950706
11,1682.7699529779752,20.854336621427812,34,191.38189095153578,1,15911.807619431893
12,2159.9174971958428,12.129563043128764,46,56.425633267866985,0,13219.442431122816
1,2152.412550619952,12.845988447768443,41,116.95803353947922,1,18639.00242832944
2,2367.124241610649,21.527932969745287,41,60.500526819959866,1,14640.705724912495
3,2249.444553844691,20.77308453973109,46,159.38521143704645,1,14577.29780688531
4,6767.872703228932,29.73767981106565,41,141.26134038200266,0,28894.9920479693
5,2636.9207595923035,3.851828683623757,39,155.99513952013945,0,14310.61894614126
6,4111.005549914769,3.1232894815249903,27,106.17205999520255,0,23659.41656072963
7,9071.095689154106,21.730164513862235,10,105.42229010470705,1,33697.949497859096
8,5265.654762365851,17.351607510192274,8,56.79789184413419,0,19036.17192338892
9,7008.019646689245,8.224819996794176,22,102.49174092944597,0,28061.364526138746
10,2550.8788408146684,2.382581069669598,13,189.3932603393089,1,9722.270776760264
11,2730.6011692780367,2.569747487892916,33,106.88398057706735,1,18682.740259853104
12,1367.8175463983098,26.825726239923547,17,174.7051559332955,0,3921.922326376112
1,2520.415567649481,5.756019741562287,21,176.3488257124901,1,11487.444813517903
2,3507.313051287628,9.701146863465622,49,105.98617345688507,1,22339.92792828876
3,2593.0943584907213,6.799692066809641,36,144.79830205942835,1,15362.544919767624
4,1798.3228038135005,10.649889174958119,26,64.30574034095879,1,12218.798043995786
5,2085.7228399054075,2.082715282382801,8,65.55178711014148,0,11860.824399616777
6,5147.008912294532,15.57179372724811,9,57.29864954925699,1,22217.451791277716
7,2857.0034656521325,2.028376907766447,41,137.15226400626642,0,16541.01662189376
8,4278.428749432679,24.010695234670848,45,113.91064664391456,0,25638.19540141477
9,5530.755437693712,7.011362457312991,17,132.20485349963602,0,20680.232351440176
10,7213.553457664288,16.200357438135317,38,128.16097857625817,0,30602.408224636547
11,1353.8092585698905,26.402372626843746,49,102.53044866360955,1,12543.078167793185
12,8194.693590181385,19.526321071415826,26,151.62101222352095,1,32907.005081613774
1,6651.10350541817,15.988733596540058,27,163.7752821374586,1,25761.228077766827
2,1735.8312875398472,9.730012593461268,7,52.194238831651354,0,4133.024007120113
3,8862.207616960995,9.990057391745937,46,81.08634496533175,0,38849.61279787362
4,9287.85160478632,20.084608655945704,38,156.98538021250053,0,36646.37742200064
5,1549.7016386937737,29.824180836635026,36,107.99302589507514,1,15073.10713192038
6,3491.8988333248335,19.855175695481357,49,149.3725920412412,0,19156.02627615371
7,8255.811518137552,16.733502521100746,25,102.04439896018377,1,32852.580750675974
8,7734.337213452925,21.919515307177384,48,108.61327284944556,1,37048.93633162339
9,2660.689174207396,13.956168368511545,25,73.80183105345273,1,14703.169439617464
10,2884.143910030393,1.8042702780235564,48,88.734652949924,1,17985.546791597
11,4334.248925122438,16.868904476337296,15,140.8117636261381,0,15949.000243807557
12,5360.706866719192,28.728758535161408,43,114.97446669727496,1,32965.866304068906
1,6564.292943772663,5.259088270729789,8,166.14540244168927,0,24878.051556208982
2,4320.222756127952,20.700146724619973,5,177.8877432407514,1,18480.91650862235
3,5162.812445198331,6.028010659771694,32,131.24696273251396,0,20875.27489770045
4,7727.238443203809,16.074830534192436,28,163.74009380840886,0,29858.51693316111
5,1330.148826015381,2.9002934894015886,39,96.0356769791855,1,15732.117605398413
6,3271.932499096187,13.511128087745554,17,112.24568231001173,1,17544.788858017986
7,7420.146272960972,22.684899866857382,38,156.91665143252465,1,33039.766536911506
8,9056.861539184794,10.427145727169462,15,107.9317989225546,0,33207.501191702955
9,5605.096979040995,19.94735173461654,40,138.27574027384833,1,25705.13149735338
10,5789.021367387841,23.863498823691877,21,77.80591686237672,1,22687.568546715407
11,1964.5481020579846,27.815334584383578,39,139.9656972455747,0,10005.998762124054
12,5026.711301411092,7.039262455663606,22,179.22705608403405,1,23452.32503413749
1,5793.555398095208,11.979477474279244,44,180.29594597351385,0,27764.776924497975
2,3182.2345327125668,4.572480399912523,26,158.65166094943095,1,17321.8997368067
3,3423.189078544429,29.774505064751256,28,161.8630068614189,0,15007.2181805324
4,4395.557467941604,27.81002903772886,23,133.6891167726051,0,18955.305715375853
5,1180.6407799995372,16.19871390841679,41,137.70021352487373,1,10049.930388069592
6,3898.7124902486044,25.26099883129264,43,70.0475872115777,0,18460.53864567471
7,2903.0320629689018,15.628739318161266,25,116.57887826319516,1,17940.715110654295
8,3947.476169601232,18.707570640082793,12,117.61644258295458,1,16490.988668026755
9,2077.859186373261,2.6737329634804983,32,193.77467535016103,0,13049.50448123448
10,9014.745526659055,22.658112614904237,9,114.66302939349342,1,35133.297545239875
11,6342.3320819864375,3.8314045090570445,21,132.40139673541364,0,25708.612477398903
12,7111.920872300407,24.782028907575853,41,129.9877098918654,0,31202.378688220553
1,8102.541147466045,23.46084263011158,40,145.51425755664906,0,31852.641165729892
2,5485.979790361515,21.262340932289295,23,162.2349246997844,0,20527.86507899689
3,1782.2825927868132,1.0848114157428634,31,83.75628142563082,0,9261.27263261802
4,5833.95887636693,9.093850678359859,38,129.30866286476535,0,27324.624230196212
5,6281.570062187912,7.893377097325286,15,173.88765609740454,0,24284.6898411118
6,7708.95526765897,10.804092224145572,49,119.46720707562672,0,32524.530447103243
7,4884.935916067115,2.6292824029151562,16,91.76863195603596,1,21675.46616155692
8,2148.222725160074,28.108734690931882,25,148.20636130344485,1,12723.00186289122
9,3553.9831521885203,16.61406722137129,15,173.56510936986842,0,13032.814932208996
10,4267.7406675877155,9.165729319740706,43,59.4710439391087,1,22299.44505105587
11,6813.255171984411,11.909445512228503,32,166.51857251108407,1,30386.19111054411
12,6137.004742020207,13.41607621514507,9,173.2471899442657,1,21711.366389668314
1,4204.870533080616,18.01783000081852,21,119.22843913829102,1,19641.07269771196
2,9878.637239136817,15.470382830894934,24,197.4958485227701,1,39274.13026738116
3,6451.973374211984,27.58175919643252,45,168.00625110609639,1,27661.856587045997
4,3135.0411256239504,14.908904487174908,16,166.04938473434987,0,13598.935858100658
5,1916.0422535836337,29.76474044469938,10,162.17578616181078,1,9236.710786556012
6,2375.7322526589883,25.542748732352873,21,72.59121548274109,1,10820.72761867495
7,3213.6195554605733,6.255315430720074,23,82.58463296795162,1,14571.533253345307
8,2446.132359336001,27.91785643931749,30,119.59851971966376,1,11487.269967728116
9,2679.103216461752,3.4909919365642827,48,89.60065249391988,0,15885.041849402258
10,3565.856518244624,24.52349125473575,48,112.28614585010607,0,19385.148603261907
11,2560.3623576527934,11.418698804297403,36,183.2696164884381,0,13085.675917089093
12,9070.888821637825,26.339229613352085,10,173.64903378189038,0,29817.427902522846
1,1722.10371095478,26.041700703223512,40,144.5059817719973,1,11068.087970574012
2,5720.602506132292,24.177762003528635,42,178.71805913766553,0,25057.17416992428
3,4693.571442906954,23.70091308921184,15,167.56585835258738,0,19918.244561773136
4,9841.407552177458,9.140374172941224,37,114.34773977613358,0,41215.7794292758
5,2008.350119512471,2.4275784915375653,28,80.15977280749178,0,13152.716574194172
6,4580.700391411675,12.089405362954844,27,127.13015600140088,1,19344.800078680328
7,9725.23389947832,5.20573544959526,19,160.43433237928252,0,37166.219666392695
8,8789.564133045822,20.84853266707385,31,115.46293980943895,1,31161.753464792233
9,8353.64863854352,10.382991796133567,15,150.01578646758458,0,32262.911729172665
10,3321.1254434044586,29.268306025797447,21,64.14911394365654,1,16549.995494342107
11,2537.9882865105924,19.22916232035996,18,162.20071045571052,1,11389.62364451875
12,7017.788979319879,24.67441690903083,31,171.9070429839593,0,29379.86510542263
1,9364.383902148273,3.9757401822554526,22,156.02567836708118,0,33075.91610721604
2,6010.866037125368,25.860434468178678,32,195.08953812895484,0,23730.96461445318
3,6144.5142052290985,27.68271571540183,8,173.99780861909608,0,23748.049359310615
4,3519.8118429425576,14.611857564568076,11,185.46405918148074,1,15535.950708133036
5,7925.436398727432,18.187588132529324,49,190.0356625186472,1,34726.47745450927
6,2683.39373701771,22.944294027089864,39,170.20219878107127,0,16480.21133687693
7,3913.113127638193,5.245158817812376,13,151.13882630097487,0,15939.741938224812
8,4828.927947547751,15.076982293903272,12,50.857787204118395,1,18564.12177468444
9,5568.493408160095,11.959890833169393,49,119.8738629834687,0,26435.189833231685
10,3181.687591735722,4.391219764867474,21,135.67434479335415,1,14248.060931171221
11,2033.531422652832,11.026032668745943,21,95.60454086719994,0,7940.276072104938
12,6495.580381974693,2.045169281564807,37,97.71566703552081,1,31812.71039549553
1,3597.674979162302,0.7743572084846095,36,194.17391235652477,1,17654.89163542187
2,6231.143992803511,4.054988674644683,12,183.75662978041188,1,22703.79119827454
3,2389.2644374678207,28.893453347675216,23,177.37685082525564,1,9032.417696094011
4,5330.260916693357,16.48588607685051,42,110.9017702559166,1,20377.005326071696
5,5793.304892964273,28.9746648345966,7,52.054782561337184,0,22519.930608517654
6,1466.4118314018422,12.97493634990396,9,62.03333696835711,1,8955.0767145599
7,4029.4385037452853,9.354483992557787,17,96.82945523264056,0,19109.948614365156
8,2209.7320924507685,15.184255885207323,35,52.36143694935155,1,13551.3949811598
9,1570.3747342549098,13.185350658987304,20,52.572467287279714,1,8757.188333907048
10,9909.642091509508,3.1699405278523174,36,187.49049524636166,0,39036.176045004046
11,3901.1846047725066,19.224789440706186,26,155.92377531785812,0,16446.7256299186
12,8288.870012691714,6.481145475287988,33,96.3433985102229,0,36330.14434012005
1,3291.7658928738747,18.587638646934888,26,69.89668664014297,0,15321.65563806159
2,7133.524500015364,19.5060327719446,47,126.74535768426156,1,33366.49329240703
3,7842.050739007179,4.560745593859443,7,50.80192412815467,0,27894.944200406742
4,6360.748665470598,1.8404888133200448,14,190.7620615787216,1,27790.601211375302
5,5244.185696951426,23.422847582053194,46,112.22226790834208,0,21196.159559048592
6,4706.568227325417,13.794012713079605,25,110.35024328559992,0,17730.184583727274
7,4139.814398886958,1.7449138651642737,20,108.58904113726733,1,19242.40056442702
8,9365.762298230433,29.845989515093013,16,60.39924955816471,1,39233.471632071116
9,8475.574670089562,1.733416829890999,6,145.74833596877397,0,30215.27176927617
10,9685.242195998613,20.851056865756597,45,159.95054294425302,1,39446.708579864695
11,2118.6750113699027,29.510367757902408,28,151.41880963824354,1,13947.933570857691
12,7577.807276832798,7.175403126477768,39,70.76532399940915,1,33999.30098041651
1,9445.06411138934,4.267481060615886,34,136.82602520533888,1,41610.73732962551
2,2631.0975954909413,3.641548182672867,34,135.42267262583806,1,12616.75176951156
3,1598.4664063009975,9.098254427027866,39,180.2616181912073,1,14535.350260056768
4,7670.085843610532,3.0313743303194007,23,106.86914875634704,1,28170.585180603062
5,6170.258018619207,20.76484025082396,12,105.72289154891513,1,23439.954738968725
6,8576.458990824449,1.8687539439018808,30,142.77905880772784,0,35448.84924763606
7,2257.951389636605,15.28266384449369,44,144.96089802492696,1,15506.801098174114
8,8157.4058067390115,29.900905615589302,11,120.39278409886856,0,31923.104922992312
9,2814.645880429701,24.419108085180564,34,116.45890434956317,1,11818.411124907987
10,2472.9034857913402,18.456583146930328,11,124.1221505956824,1,11207.74012023995
11,2478.3921813789366,9.18760862359835,7,179.15679492549677,1,12792.012540608464
12,8331.172482082438,18.716875088749156,5,119.1750351880865,1,30655.417051687527
1,6986.774986265801,15.811243917349548,40,190.98976879547337,0,27875.33379206122
2,5707.588822922074,12.782501516711145,29,125.60056453944891,0,26271.92422819772
3,4229.474357111522,3.921311302205984,41,192.3801039771337,1,20397.163223615982
4,8894.804867317975,26.598126457214,5,174.92478528036136,0,29763.896519141974
5,4532.005966803718,13.493539464639676,19,104.36469839237436,1,17580.96684277227
6,8349.394955244194,5.838675354622952,41,179.5462131944924,1,35709.87307737807
7,4952.214177131966,11.032780526318689,17,66.50949263016729,0,20361.94071860583
8,4392.499864824168,12.42389257586781,44,188.75707630145217,0,19215.178875207443
9,5164.118071026458,24.82613686700623,12,144.74652726243374,1,18188.732439636504
10,3712.4008674772786,22.00843141684206,9,58.15861227834668,1,13668.87212541333
11,7728.48442158626,23.079146809240193,13,146.6385085476217,0,26761.53897222477
12,5524.483510832312,0.3309379328594164,5,196.1371481217134,1,20962.24711205048
1,3089.914256321356,12.484619945392845,40,60.47009819219434,0,17636.275445538166
2,9096.171159471116,14.440324549059708,39,133.20315646701295,1,38812.53229653336
3,4455.020992358903,0.5757683046917006,6,162.16915246390585,1,17826.299003498163
4,5891.9757500258975,7.794396262351027,44,171.5387880049297,0,30479.163660408514
5,9158.248998680923,22.80869469366405,27,112.07411979811937,0,36714.87950126896
6,6618.1419632259285,4.113291171869972,13,80.62498387523645,0,26897.597083943754
7,2052.0823663752767,16.05930394357775,38,56.35134181585757,1,12890.992349348326
8,9458.489112521276,6.456056160517125,18,136.9589235645837,1,38521.20574702565
9,6649.372477642761,0.3636232393167982,8,117.93666054014162,1,24545.984508026326
10,4014.150531913775,7.236043727986244,34,192.31165927245664,1,20646.923494134528
11,2253.4486539704853,29.276212647301612,35,59.090736157236464,0,10161.085459192811
12,8146.226703432664,24.046113356489688,42,152.80930151690086,1,35581.31620506853
1,6580.654803356621,28.787299329631,15,53.74493331800858,1,23921.423021521856
2,5801.149827786894,14.635621317790873,39,75.71512650658141,1,28844.09546359967
3,9045.033247458618,3.292085960325105,12,118.03684998842512,0,35348.43544592516
4,8097.374901020777,16.43878466921079,7,118.23086642043023,1,29133.20451901924
5,2365.0739175947606,13.631320036798826,18,152.8550814400466,1,15722.14446449465
6,3805.4986101599343,25.330712482188478,17,186.5319552301635,0,14824.544405453642
7,3236.4022583301917,2.942477423527338,49,145.85482383723814,1,16329.883494746973
8,7695.516633154093,14.647234110653345,36,193.0302646777263,1,31300.551931406582
9,1301.7919126220145,4.501459940819528,38,182.24234598169966,0,8122.35458569071
10,6129.0071638418485,9.7402778067018,49,137.67496932961853,1,30321.7362975609
11,7862.128171666215,22.120712321633988,23,175.0687926378241,1,28916.63631945961
12,8890.890730855746,14.280543881062997,42,146.3866415485451,1,36988.11204489
1,4078.735738443167,11.27664855437308,20,61.78367463855907,0,18024.687267940764
2,8391.315742048115,11.834288357101059,6,161.08470848892648,1,31207.49934822767
3,1995.6856325968652,13.7834030521796,44,64.23626619010193,1,14423.353362886623
4,8618.070625610664,23.550496315111708,21,139.11241708545685,0,33246.45725870958
5,2147.3979609878415,26.76254066820703,38,155.39603087873434,0,12051.151777881161
6,4575.585615043306,28.66004059511785,46,59.97914123162829,1,20283.89687633748
7,8175.658292015983,23.607101587658853,20,84.61919808897977,1,31437.437553591022
8,2349.2568461389637,9.462206872440381,42,187.35083483924748,1,16102.277305570016
9,3063.2625570937735,20.644041182596265,6,142.44717383493446,1,11878.550214370136
10,7500.273115537597,13.128093721661758,6,86.94290282157974,0,27954.013519155407
11,7480.328828914669,7.6401186613815355,30,153.601965672201,1,30270.77755477424
12,6770.328695967676,25.22614738277768,17,139.51646299425346,0,27881.508490501536
1,7245.536000203901,1.15279046886975,35,125.23635498769225,0,25660.593568924356
2,5884.519990128366,27.052859764062706,38,196.42804624821255,1,26846.573680394205
3,3266.191530162575,13.844323938742026,43,152.51806661112633,1,21221.24940450891
4,4111.263941535275,19.116044304248412,7,106.3161664501869,0,18286.709525245955
5,2634.379451212831,19.78061766617348,12,170.0110148115302,0,10236.035850407665
6,9176.055052002655,26.85353222119609,27,182.68749393817816,1,33820.00699145416
7,6250.526152895084,19.10009046501622,18,68.78308392752471,0,27255.827700700374
8,4607.662750872759,18.418007542801853,31,80.08294667678997,1,21404.52177689552
9,5158.052232797194,1.9995612168206989,33,82.43405136916695,1,23739.167383491087
10,9525.550056506338,15.552240658356123,43,153.68177140798105,0,37808.46667432965
11,2380.1626280447217,4.50507002451125,43,140.4559332579925,0,12339.553002804803
12,6276.068488151175,22.123013061644567,5,142.84873470478823,1,24344.383948382958
1,5552.998109960194,15.366657624380235,21,191.11599495342514,0,23640.11315450683
2,6503.088118911831,20.4068333762506,45,166.38672992109588,1,30389.7929274625
3,1162.9916543875645,1.250187018071528,34,69.19053867676747,1,8744.399140115438
4,8849.115180497363,2.543760481374097,17,102.12606236377715,1,32385.715115985557
5,9389.064542352511,21.48970164188047,25,115.30904692636034,0,33529.16193764049
6,6086.198652302881,2.162530079960201,23,109.39423831214074,1,24613.86873352458
7,7269.857414892031,2.1377018329577577,23,150.39629137428187,1,27764.04905752932
8,9302.494430595661,0.3632542570466235,29,183.7839654884844,1,34323.38611764058
9,7365.1477088205875,28.695041948984404,26,95.9077195284182,1,31467.03686777742
10,2372.851386228352,22.12525078377021,35,132.78157046317784,1,11442.393186995949
11,6186.595241501319,10.597542255061924,21,168.41141328703785,1,27437.94932979725
12,6460.435417445703,8.896067438629657,27,112.43270882680241,1,28290.664260447287
1,4817.176041721474,10.491096892375486,36,75.21771925989438,1,23750.932285264706
2,7627.998120622506,23.239605935435456,14,121.24264478956223,1,32660.71278361634
3,9409.303132921134,19.841118332112433,14,58.28337811145427,1,33218.42488517403
4,9330.116616160987,5.555867036024038,40,191.35751810034154,1,41113.441012689706
5,5057.55434263719,5.22328006002253,12,61.22318077924596,0,19148.63150003874
6,2019.1424125667972,2.9518694914019195,24,115.76850728758673,1,16760.680099195866
7,9863.570790661011,19.809081591040144,36,129.48218916327892,1,39741.02180030613
8,8550.082778013406,22.93117986665208,18,197.79557484309282,1,31887.56051635491
9,2121.9641308294017,7.951392849750121,32,74.90327354642912,0,13231.659966756362
10,9287.57694355635,0.6283488309273844,28,67.16472779185378,1,37408.22344193177
11,8829.067258559155,2.4651500242928206,19,51.30592205938154,0,32557.241674722995
12,5669.542514134649,29.035801045350915,26,73.33571553039535,1,22338.78992186659
1,6321.4789217043635,8.863343324322608,34,81.09094686015014,1,31061.59096910325
2,4591.024334831172,23.07669443514401,8,144.58714123746384,0,14618.660166312582
3,1492.854749398282,18.739907065627914,17,82.95601855871006,1,8938.978555945654
4,4016.775174813108,11.458189189586877,27,53.078122209398785,0,20359.222301782836
5,8225.681037382103,6.170617865866653,12,173.99275182537332,0,32740.479364841856
6,1041.6882070414258,3.641592544782193,22,104.83935515059501,1,6707.67368150998
7,4001.4925452202974,18.450389041165998,16,103.05450298711008,1,16666.210268728417
8,4583.51824231849,23.239013419133638,35,95.37185437518899,1,21088.716941765324
9,5836.560426441306,19.31712760623392,18,196.30599157196312,1,20480.816436158235
10,9278.700547714845,15.90906399747475,38,75.51731259639223,0,39243.512121601714
11,4117.113949293651,1.258536702949088,22,184.73570959298527,0,17799.89610575595
12,4122.578817066049,29.054663327831513,38,166.5204998209832,1,23312.801504825842
1,7637.511232987736,23.961425749637236,15,61.471993324896964,0,27201.97062254924
2,5069.961468008265,8.784661101028941,45,198.0093652251273,0,26501.54162018092
3,3021.4434064598377,29.39910988076552,16,90.70489453085159,1,15778.7757892354
4,5071.955645194241,18.056447689089662,19,64.78743905336185,0,20672.89058038042
5,2267.7131834181987,17.472679746217395,35,174.3971351188639,0,8559.826567574852
6,2587.48287855601,22.442195382885963,33,156.00133005165497,1,13442.207527270597
7,5485.309954655318,24.353093642704128,30,142.5828208816851,0,26926.808164843547
8,4770.3290455409315,19.69435821994508,22,73.39712955483998,1,21312.883214091078
9,9233.613109612901,3.8428723909860008,36,121.77441743839428,0,39223.15180397322
10,4261.545092049698,10.148025179834953,26,167.08340403308208,1,19316.4056452246
11,6225.295152502391,27.842509209781493,42,95.54359072157604,0,27345.93805303254
12,6690.378591275773,6.7384683553155575,21,96.75347427725622,0,22954.982879266743
1,1117.8501092950028,11.1650107151254,27,50.47113590721832,1,10502.475762572569
2,6971.836348150396,12.96230648832588,28,76.13651024680694,1,31611.2022225876
3,2602.3237018277628,13.182149690833565,12,181.31084376827513,1,9589.488282226435
4,9649.632857225097,18.388187474835764,45,116.26197374565606,1,40807.58607341038
5,2337.9645497780166,28.292275132341228,10,197.6351748851651,0,8495.459929654739
6,4731.617113543214,7.2207813549751485,9,109.35619453606888,0,18833.160371934144
7,1768.1470127077946,3.645041289027542,48,157.27796821703618,0,12333.69163513595
8,9971.868266613526,5.924114695798119,33,92.28785643570937,1,42665.01884450811
9,5519.755092981183,26.607747006278085,32,104.57144617114002,0,23968.207902129707
10,6358.465155880394,19.37432437965618,15,78.6088981386342,0,19321.773201472275
11,1603.6882964958472,8.577203677174804,5,102.05935527490925,1,8121.657126389983
12,7749.6442335926,24.47840816905852,47,132.08562806309646,1,36646.67455921676
1,2889.150337860272,25.84109989090308,23,198.76593214688742,0,10744.166033795793
2,9082.488604966424,25.39543016070834,13,149.63025696076784,1,34974.17974171554
3,2846.2567643380644,27.567796009186633,31,79.88689316124712,0,18020.744861604795
4,2716.189485972999,7.567230605200848,38,56.74421623873267,0,15637.590798561127
5,1328.947010632854,22.65125786238835,48,68.9534721971766,1,14809.163428133259
6,5248.602505989993,13.8161849182242,8,134.38328019095712,0,18573.516931650058
7,6083.5701993635475,25.259956586701847,40,164.77404932251494,1,27639.43286581778
8,1591.3777548551711,21.854720314848397,22,191.06288109511203,1,8845.82795710566
9,7979.748550255095,23.293423394991738,19,52.37347579952312,0,29908.076915799073
10,5079.5995127322485,19.684855130432144,17,128.41402123428048,0,19818.422048702378
11,5719.51242394822,5.322863084091206,23,120.63010343347652,0,20298.89740170462
12,4966.864722444054,16.35080756690815,10,148.4082532963556,1,18824.229475208544
1,4606.867547877933,29.540092185735247,16,133.9368281698013,0,20774.00541428713
2,6036.762981773961,28.121641994913567,41,153.05587258737208,1,25706.217801138493
3,2397.1622133764126,1.29521207391035,21,148.71238771237856,1,10310.115993111669
4,2637.35317445744,4.944444471883114,27,67.55175872869194,0,13635.392567131159
5,8756.070589121657,3.951863203636857,30,169.95768704280795,1,36164.681866960535
6,9515.039159202695,21.779397299558866,33,68.48488635744873,0,38900.766333432606
7,4359.7838465177765,24.53355989570835,37,154.77959378137058,0,20204.14613407535
8,3436.702058291984,6.405340989320157,31,112.421805146091,0,16913.02420028698
9,6795.9958891511415,15.17558078855487,29,127.0776101864897,0,27313.010423533673
10,4678.607539882867,25.221090840336,14,185.4947021563566,0,15455.375506792494
11,1228.4772009431038,21.98404634298752,27,183.482558971023,0,7808.499142392254
12,2405.3733762957136,16.26711616475545,25,172.67844584825443,0,13360.962372004182
1,7443.750059626578,17.710430713763188,25,126.5222570684485,1,31462.720204451307
2,6930.315477191362,15.250816407488399,47,160.435971520075,0,27611.51365934124
3,1243.8639325313513,8.926453539564617,17,126.9345583278214,1,8211.50902386705
4,2997.749457396545,16.950659785770483,41,180.44091237121663,1,15366.468572530117
5,3079.6731692926423,20.66655906150272,37,110.41637498493498,1,19723.811984274624
6,7047.034692388555,26.19968747582423,28,195.53530166223152,0,29004.328985544642
7,1177.3948397892773,19.088740619377443,48,189.84841373433164,1,13557.054012800307
8,1936.9772378611647,22.83364611129474,15,161.24039291776782,1,9511.982716823482
9,8199.244768358705,4.80214904863719,21,91.91238262641079,0,31889.42275392174
10,2606.9019584890025,13.846724232593697,8,69.74803831898876,0,13364.542109568656
11,6874.714970666872,0.2799485948127989,29,178.20551751397963,1,31205.93842490288
12,3143.645029420539,7.400365935648691,34,74.7953429206942,0,16503.479231452267
1,1894.9725348341065,21.793851453390147,13,178.13911834960035,0,7801.846194702774
2,3188.5497189950866,29.754298540480903,25,123.61475100685406,0,11091.451717094309
3,7500.402386700933,2.975342987616477,24,110.98351757121563,0,30663.57776952118
4,8701.268212956573,12.044829475838647,23,185.47861682516438,1,34247.63767512889
5,8471.978781102924,24.002129060974784,23,140.5776473810417,0,33878.35112835268
6,4574.651766566094,6.121069038866965,16,136.49210106945765,0,20163.26723259992
7,7012.766229135816,16.65254847906859,41,133.81489169365966,0,32992.93579325433
8,2844.858658742389,21.992138880890245,46,105.67542740292971,1,18126.959781262038
9,3638.329572349119,18.47956350780537,21,167.84646552936908,1,14302.225138985978
10,9067.022366690078,5.640742038462484,41,87.91976660236595,0,33753.33692430385
11,1117.0173115966243,10.661537060572183,43,190.83424400619126,0,8519.84451864768
12,1769.5767776902126,23.513753534561918,32,184.09778075704412,1,14029.976198342032
1,2870.9762963142457,16.6267954239605,45,100.62204885123472,0,20361.30894509144
2,1238.7898348643776,0.1568884062873821,39,159.41956547474956,0,9808.276236674348
3,2632.918915808176,22.829722800842816,22,135.9834791674387,1,10096.74454282846
4,6247.37404872723,1.059340648207172,18,100.64739529988519,0,23496.176719325766
5,4792.820955332481,22.372013481936964,39,198.278247199317,0,24457.34910142239
6,9034.045399692774,6.0744168049571226,48,53.78560187723963,1,38681.18021107825
7,8356.99205564597,28.742204403581407,45,87.896904593193,1,37683.13374054131
8,4076.356165280884,11.038222539062534,11,128.01110916667255,0,16213.570957381231
9,3334.8109008816323,9.807948490142373,45,128.29295052178458,1,20624.953325052513
10,4417.231673505403,4.46664150997334,17,138.3399612418346,0,21711.150121858933
11,6312.654482633269,9.168126464706447,22,162.75142580343788,0,26483.612546482396
12,3412.572767405886,26.299522854846018,41,143.52167457789446,0,18003.042595654802
1,6617.340170642206,29.89003012881742,17,140.04221907920555,1,29919.531578591195
2,4684.704869721164,11.04928591520545,40,58.0271694369565,1,24029.517605377692
3,5968.424627667822,13.458318928636277,35,106.47954316839474,0,24518.225965680464
4,4925.13876221785,21.66212814608211,6,84.8083609551734,0,19367.65278199187
5,3650.191835877259,26.585873413952235,20,89.80551674029631,1,17214.351249706564
6,9536.07976265941,17.791330025603525,13,133.15062115105172,1,35321.77133137704
7,7872.452147437847,11.74577094533488,13,79.92579723944127,1,29333.68049909462
8,2261.0185818980726,12.378655225458711,42,94.09236515253463,0,13634.242044622928
9,8816.211783081215,20.868544394904205,15,85.56270627760102,1,32711.68487218865
10,5386.880784245623,0.09654790812836045,26,192.2754414827292,1,23039.943545564507
11,9050.970042046822,18.58768012379522,37,191.69985982566428,0,35191.798690640084
12,8198.697303525838,10.664790313240722,40,141.49123378940777,0,35400.72604792173
1,4826.921540223101,23.825919938312527,49,188.67837030978498,0,24418.41369415778
2,1202.2237748810567,2.789719194693965,27,167.87189682025598,1,9772.71264059812
3,3418.0962344645145,17.646068008451714,49,138.49218242027132,0,18989.44632553278
4,5874.7079319478025,14.429186696583713,49,50.96528172451936,0,27640.154311524213
5,6701.303978435325,19.26976577715682,38,165.8774429119106,0,31738.486597007755
6,3320.9891688988205,1.9456078344890504,13,155.3732512382703,0,13780.92858003602
7,2254.204666655417,17.399513622843937,28,142.2880479923621,1,15213.53963296713
8,8514.372131193693,16.844537638785713,12,164.06364675237074,0,29360.420623188656
9,9859.619626331969,16.819802832485127,11,126.93832471621485,1,37983.2824921244
10,5731.211640724173,18.104629997893646,40,155.61249069820087,1,25138.710842511202
11,2545.1135726347316,20.294038116790865,22,190.275813008974,1,11514.023352776641
12,3450.7659386743208,24.149669990423092,7,106.37075237691295,0,12054.948824754274
1,1165.5160889272006,8.09462160384643,32,156.2182752350938,1,8677.670253872982
2,9228.689259044491,24.75148230540186,10,121.35317270164381,0,32562.790515829874
3,2059.75974601127,14.94767046790361,48,151.1599477720972,0,16666.85601203226
4,6188.648279628282,2.3117483740299347,48,164.43400033315461,0,28993.771356620782
5,3466.496986184854,1.756527877319376,25,56.81787506536939,1,17455.674984856396
6,5987.602022642141,10.027149560881824,32,146.99006659229929,0,24774.268994446207
7,6862.783495166778,23.546909313344027,44,84.01117766104169,0,32152.654710100458
8,8467.676233364815,21.230428042227473,5,150.50488067113503,0,30796.108610732303
9,2857.791445845429,23.658448940172192,40,120.24952789007202,1,15910.6199732309
10,1098.9624579263243,15.518071693248281,25,166.03291127973307,1,5002.35710542455
11,2231.9706706192655,13.205969938664717,47,68.51012228083947,1,16159.095559495778
12,9100.167776632945,4.423575801188519,39,143.94835274842927,0,38903.60386539138
1,8865.010698062637,9.845782608279347,17,91.77060933913285,1,32493.49959105912
2,6376.717919532774,13.020580985216258,14,177.94729929958874,0,23622.44361301309
3,6404.65174390288,2.658012890388517,48,189.2575258454461,0,30664.298034160605
4,6985.3300709162995,6.618358581336338,14,199.4597440518583,1,24075.78260220714
5,2578.3415076110464,17.946758821912166,17,169.4011103640925,0,9994.052957470409
6,9229.707513324638,22.069893427175696,41,163.06011056420067,1,39658.746034935015
7,4768.934724028658,29.95042534178849,42,82.32511383013266,0,24896.48712039242
8,4448.246754245477,27.99339994030673,28,100.40105884851631,1,24629.55261847408
9,5670.259347545538,19.276955986055746,6,119.85238126434193,0,24478.047180261598
10,1422.6937009754954,12.63744159882216,26,166.00715716733745,0,8999.200193151466
11,2496.5503188047146,19.08532094124698,21,187.2448797616953,0,10569.653734623418
12,7642.302547837334,23.56954854240696,40,78.37086500344769,0,34426.985319615684
1,1745.1880113261382,3.5500857277016196,18,188.35512270051544,0,7679.082670888848
2,6428.368985197494,12.297146690888647,14,154.34369785310872,1,23743.298699849383
3,3208.1419871318885,25.194068569068516,39,141.6156096027558,0,16110.044454843153
4,4503.660526377789,11.51498855799132,29,79.97619069229093,1,20121.224994077496
5,3598.243630936299,17.156168136815594,7,58.328754921372585,1,15280.168704369053
6,4201.054448184543,17.633080825865946,42,135.269734776191,1,20408.051370919384
7,7471.413146658209,5.5342875940091805,21,147.72735249933385,0,29490.185994770844
8,3674.0954406085752,10.867063249568652,16,81.61721740320323,0,18527.85663644127
9,6097.641762672075,10.035338662257963,28,133.46843087381848,0,25751.649747070656
10,5284.453619791897,0.7859012559619438,33,178.47401041438604,1,27317.16919435999
11,6973.040488263833,0.7257529167406573,47,175.25989181825298,0,33907.090123174865
12,9431.467653922822,24.950911310273202,29,189.10327708794458,0,38072.44084320581
1,7593.148874892253,8.192124299184373,40,104.88287143353207,1,32741.66581767832
2,2934.463407316811,15.542362987164463,30,97.70743588263781,1,17596.52203085716
3,1280.648215551562,8.961767207663192,42,162.4139008971213,1,10997.048820758251
4,3360.376398698426,28.220377353460215,5,114.66686076455075,1,12956.223386409987
5,6355.701376302293,7.778902765973212,24,63.13229960416709,1,27491.943361059337
6,1462.832321358253,12.889704382168052,32,92.42016960057495,1,10720.333668322122
7,5467.296224811127,26.181907514538054,20,112.78734282972337,0,20389.3948426528
8,6371.585640252003,25.25800700375426,21,93.8774638214378,1,22956.498111287594
9,4008.1950173526475,5.583042535388319,44,99.83083564209824,0,22685.710481572212
10,7938.209833712397,24.079299293871312,32,94.06638592615862,0,33507.66672091329
11,1959.3842782039462,13.74560660213678,16,56.22487507746192,0,5901.148668984737
12,1676.2400356222788,14.489066162560656,31,145.5642051236664,1,9669.573589543885
1,7553.6988058324305,4.004399172478314,46,139.5938630530204,0,33767.00403787816
2,5459.421845855786,2.41804541271374,34,148.00752477180208,1,25974.741447432607
3,7195.621567849625,21.838179209212957,45,78.84648440504412,1,29563.888374342634
4,4913.446047433716,14.893834570658992,38,94.3481812418728,0,22684.836688415297
5,3217.6182991519613,13.105521078455386,41,142.94238904173835,1,19171.50684336634
6,8371.920859067797,21.8852468595719,10,139.9441352689882,0,29811.134127574824
7,8194.742910720814,22.96538696973329,11,125.94954640314018,0,30569.07787898912
8,7252.268237689841,4.767245030080607,36,102.56198750152961,1,30756.08519847005
9,3449.306235069664,18.30675448432924,36,186.9396507162035,0,18957.480309665778
10,6312.076001821784,4.060622468330566,29,100.96553634482657,0,25010.068288415023
11,4248.765072460241,22.54125258087137,37,118.34287346558774,0,17889.839040140687
12,1824.2386599397073,19.708654688014185,11,151.7170746431313,1,8619.223257543967
1,9255.822179160185,28.698438632503738,16,131.4532146300146,0,31525.723873258547
2,2231.3676782706525,2.0687404906926354,20,102.03289645465784,1,7603.107446871206
3,9552.136184387222,1.7116416345376295,20,115.34671856847648,1,39577.347612351354
4,5014.051956621602,8.465612240796004,47,169.17212267802591,0,22538.490333542984
